{"r2_score": 0.9972764831713934, "rmse": 14254.392540505376}